Name,Age,Gender,Country
Kendra Lust,41,Female,United States
Romi Rain,33,Female,United States
Lisa Ann,45,Female,United States
Sasha Grey,33,Female,United States
Asa Akira,35,Female,United States
Jenna Jameson,44,Female,United States
Mia Khalifa,27,Female,Lebanon
Brandi Love,45,Female,United States
Alexis Texas,35,Female,United States
Stormy Daniels,42,Female,United States
Peta Jensen,29,Female,United States
Riley Reid,29,Female,United States
Angela White,32,Female,Australia
Ava Addams,42,Female,United States
August Ames,23,Female,Canada
Alexis Fawx,38,Female,United States
Nina Elle,44,Female,United States
Mia Malkova,27,Female,United States
Abella Danger,26,Female,United States
Shyla Stylez,35,Female,Canada
Pheonix Marie,36,Female,United States
Bree Olson,33,Female,United States
Kayden Kross,33,Female,United States
AJ Applegate,29,Female,United States
Kelly Madison,48,Female,United States
Kagney Linn Karter,34,Female,United States
Jynx Maze,29,Female,United States
Kirsten Price,39,Female,United States
Priya Rai,43,Female,India
Jesse Jane,40,Female,United States
Tori Black,32,Female,United States
Alexis Monroe,30,Female,United States
Taylor Vixen,36,Female,United States
Eva Angelina,37,Female,United States
Lexi Belle,30,Female,United States
Jayden Jaymes,34,Female,United States
Codi Bryant,35,Female,United States
Kylie Page,25,Female,United States
Rachel Starr,35,Female,United States
Madison Ivy,33,Female,United States
Skin Diamond,31,Female,United States
Jessa Rhodes,29,Female,United States
Gianna Michaels,40,Female,United States
Aletta Ocean,33,Female,Hungary
Rebecca Linares,37,Female,Spain
Anikka Albrite,31,Female,United States
Kendra Sunderland,23,Female,United States
Kleio Valentien,33,Female,United States
Daisy Marie,37,Female,United States
Katie Kox,37,Female,United States
Nikki Benz,40,Female,Ukraine
Lola Foxx,31,Female,United States
Riley Steele,35,Female,United States
Tasha Reign,30,Female,United States
Marina Visconti,28,Female,Russia
Daisy Ducati,31,Female,United States
Kelsi Monroe,26,Female,United States
Sara Jay,43,Female,United States
Jelena Jensen,40,Female,United States
Lena Paul,28,Female,United States
Carolina Sweets,24,Female,United States
Bella Bellz,30,Female,United States
Aurora Snow,40,Female,United States
Veronica Avluv,47,Female,United States
Nicolette Shea,35,Female,United States
Nicole Aniston,33,Female,United States
Jessie Rogers,29,Female,Brazil
Krissy Lynn,39,Female,United States
Veronica Rodriguez,30,Female,Venezuela
Eva Notty,42,Female,United States
Carmella Bing,40,Female,United States
Rachel Roxxx,35,Female,United States
Jada Stevens,33,Female,United States
Dillion Harper,30,Female,United States
Mariah Milano,41,Female,United States
Nina Hartley,59,Female,United States
Aaliyah Love,33,Female,United States
Capri Cavalli,38,Female,Canada
Abigail Mac,30,Female,United States
Ava Devine,45,Female,United States
Emily Addison,36,Female,United States
Heather Vahn,32,Female,United States
Kiara Mia,47,Female,United States
Briana Banks,43,Female,United States
Ana Foxxx,32,Female,United States
Holly Halston,45,Female,United States
Aidra Fox,25,Female,United States
Jenna Haze,39,Female,United States
Anissa Kate,35,Female,France
Samantha Saint,35,Female,United States
Jayden Cole,32,Female,United States
Karen Fisher,48,Female,United States
Holly Heart,39,Female,United States
Tia Cyrus,33,Female,United States
Raven Bay,30,Female,United States
Brandy Aniston,37,Female,United States
Kylie Ireland,46,Female,United States
Kendra Secrets,45,Female,United States
Khloe Kush,28,Female,United States
India Summer,43,Female,United States
Cherie DeVille,40,Female,United States
Jazmine Cashmere,41,Female,United States
Valentina Nappi,29,Female,Italy
Amy Anderssen,38,Female,Canada
Alexis Love,34,Female,United States
Kiera King,40,Female,United States
Victoria June,27,Female,United States
Jenna Ivory,32,Female,United States
Kiara Diane,37,Female,United States
Melina Mason,32,Female,United States
Tiffany Watson,27,Female,United States
Carmen Kinsley,40,Female,United States
Stevie Shae,32,Female,United States
Layla Price,29,Female,United States
Gia Dimarco,34,Female,United States
Tori Taylor,29,Female,United States
London Keyes,35,Female,United States
Alex Chance,33,Female,United States
Sienna West,44,Female,United States
Staci Silverstone,27,Female,United States
Tasha Holz,30,Female,United States
